{
  "timestamp": "2025-07-25T19:54:18.752Z",
  "rari": {
    "Homepage (All Components)": {
      "min": 1.341917000000194,
      "max": 3.089625000000069,
      "avg": 2.146791599999915,
      "p50": 2.239958000000115,
      "p95": 3.089625000000069,
      "p99": 3.089625000000069,
      "avgSize": 6284,
      "errors": 0,
      "successRate": 100
    }
  },
  "nextjs": {
    "Homepage (All Components)": {
      "min": 2.5651670000002014,
      "max": 6.933625000000575,
      "avg": 4.875062500000013,
      "p50": 4.789374999999836,
      "p95": 6.933625000000575,
      "p99": 6.933625000000575,
      "avgSize": 61469,
      "errors": 0,
      "successRate": 100
    }
  },
  "summary": {
    "testRequests": 10,
    "warmupRequests": 5,
    "scenarios": 1
  }
}