{
  "timestamp": "2026-01-26T20:13:58Z",
  "rari": {
    "Homepage (All Components)": {
      "min": 0.285625,
      "max": 0.762167,
      "avg": 0.35284590000000005,
      "p50": 0.330041,
      "p95": 0.37645799999999996,
      "p99": 0.37645799999999996,
      "avgSize": 33389,
      "errors": 0,
      "successRate": 100
    }
  },
  "nextjs": {
    "Homepage (All Components)": {
      "min": 1.437125,
      "max": 4.950833,
      "avg": 2.64299575,
      "p50": 2.511,
      "p95": 3.440125,
      "p99": 3.440125,
      "avgSize": 84317,
      "errors": 0,
      "successRate": 100
    }
  },
  "summary": {
    "testRequests": 20,
    "warmupRequests": 50,
    "scenarios": 1
  }
}