{
  "timestamp": "2026-05-25T01:53:15Z",
  "rari": {
    "Homepage (All Components)": {
      "min": 0.075125,
      "max": 0.392458,
      "avg": 0.1180229,
      "p50": 0.092125,
      "p95": 0.155333,
      "p99": 0.155333,
      "avgSize": 24471,
      "errors": 0,
      "successRate": 100
    }
  },
  "nextjs": {
    "Homepage (All Components)": {
      "min": 1.5460420000000001,
      "max": 2.3777500000000003,
      "avg": 2.1703854999999996,
      "p50": 2.2545,
      "p95": 2.36775,
      "p99": 2.36775,
      "avgSize": 33247,
      "errors": 0,
      "successRate": 100
    }
  },
  "summary": {
    "testRequests": 20,
    "warmupRequests": 50,
    "scenarios": 1
  }
}
