{
  "timestamp": "2026-02-05T17:50:25Z",
  "rari": {
    "Homepage (All Components)": {
      "min": 0.326833,
      "max": 0.71325,
      "avg": 0.42879995,
      "p50": 0.38375,
      "p95": 0.6727080000000001,
      "p99": 0.6727080000000001,
      "avgSize": 438,
      "errors": 0,
      "successRate": 100
    }
  },
  "nextjs": {
    "Homepage (All Components)": {
      "min": 3.279916,
      "max": 4.615125,
      "avg": 3.918756049999999,
      "p50": 3.85875,
      "p95": 4.551125,
      "p99": 4.551125,
      "avgSize": 86970,
      "errors": 0,
      "successRate": 100
    }
  },
  "summary": {
    "testRequests": 20,
    "warmupRequests": 50,
    "scenarios": 1
  }
}
