{
  "timestamp": "2026-03-26T19:49:27Z",
  "rari": {
    "Homepage (All Components)": {
      "min": 0.062709,
      "max": 0.125916,
      "avg": 0.08441039999999998,
      "p50": 0.078458,
      "p95": 0.11854200000000001,
      "p99": 0.11854200000000001,
      "avgSize": 856,
      "errors": 0,
      "successRate": 100
    }
  },
  "nextjs": {
    "Homepage (All Components)": {
      "min": 0.634833,
      "max": 1.1282079999999999,
      "avg": 0.7815645000000002,
      "p50": 0.807708,
      "p95": 0.864833,
      "p99": 0.864833,
      "avgSize": 88292,
      "errors": 0,
      "successRate": 100
    }
  },
  "summary": {
    "testRequests": 20,
    "warmupRequests": 50,
    "scenarios": 1
  }
}
