{
  "timestamp": "2026-01-15T01:41:40.337Z",
  "rari": {
    "Homepage (All Components)": {
      "min": 0.6302080000000387,
      "max": 3.3563749999998436,
      "avg": 1.3233333500000526,
      "p50": 0.9832920000003469,
      "p95": 3.3563749999998436,
      "p99": 3.3563749999998436,
      "avgSize": 28149,
      "errors": 0,
      "successRate": 100
    }
  },
  "nextjs": {
    "Homepage (All Components)": {
      "min": 1.829208999999537,
      "max": 4.063707999999679,
      "avg": 2.6303271499999026,
      "p50": 2.3466249999992215,
      "p95": 4.063707999999679,
      "p99": 4.063707999999679,
      "avgSize": 81988,
      "errors": 0,
      "successRate": 100
    }
  },
  "summary": {
    "testRequests": 20,
    "warmupRequests": 50,
    "scenarios": 1
  }
}
