{
  "timestamp": "2025-10-20T01:19:31.583Z",
  "rari": {
    "Homepage (All Components)": {
      "min": 0.37216599999965183,
      "max": 1.1527920000003178,
      "avg": 0.6864956999999094,
      "p50": 0.5647500000000036,
      "p95": 1.1527920000003178,
      "p99": 1.1527920000003178,
      "avgSize": 27551,
      "errors": 0,
      "successRate": 100
    }
  },
  "nextjs": {
    "Homepage (All Components)": {
      "min": 1.9861249999999018,
      "max": 3.3734160000003612,
      "avg": 2.5782374500000516,
      "p50": 2.6121659999998883,
      "p95": 3.3734160000003612,
      "p99": 3.3734160000003612,
      "avgSize": 85851,
      "errors": 0,
      "successRate": 100
    }
  },
  "summary": {
    "testRequests": 20,
    "warmupRequests": 50,
    "scenarios": 1
  }
}
