{
  "timestamp": "2025-12-02T01:48:46.314Z",
  "rari": {
    "Homepage (All Components)": {
      "min": 0.3313749999997526,
      "max": 1.2771669999997357,
      "avg": 0.6642437999999402,
      "p50": 0.6999590000000353,
      "p95": 1.2771669999997357,
      "p99": 1.2771669999997357,
      "avgSize": 27836,
      "errors": 0,
      "successRate": 100
    }
  },
  "nextjs": {
    "Homepage (All Components)": {
      "min": 1.7045000000002801,
      "max": 4.055707999999868,
      "avg": 2.5563398000000914,
      "p50": 2.237750000000233,
      "p95": 4.055707999999868,
      "p99": 4.055707999999868,
      "avgSize": 84095,
      "errors": 0,
      "successRate": 100
    }
  },
  "summary": {
    "testRequests": 20,
    "warmupRequests": 50,
    "scenarios": 1
  }
}
