{
  "timestamp": "2026-03-25T21:45:51Z",
  "rari": {
    "Homepage (All Components)": {
      "min": 0.092917,
      "max": 0.187417,
      "avg": 0.13514160000000003,
      "p50": 0.1265,
      "p95": 0.176625,
      "p99": 0.176625,
      "avgSize": 856,
      "errors": 0,
      "successRate": 100
    }
  },
  "nextjs": {
    "Homepage (All Components)": {
      "min": 0.7624580000000001,
      "max": 4.700458,
      "avg": 1.2213812499999999,
      "p50": 0.9405420000000001,
      "p95": 2.412667,
      "p99": 2.412667,
      "avgSize": 88292,
      "errors": 0,
      "successRate": 100
    }
  },
  "summary": {
    "testRequests": 20,
    "warmupRequests": 50,
    "scenarios": 1
  }
}
