{
  "timestamp": "2026-05-15T00:26:01Z",
  "rari": {
    "Homepage (All Components)": {
      "min": 0.068959,
      "max": 0.38579199999999997,
      "avg": 0.12925635,
      "p50": 0.1015,
      "p95": 0.17625,
      "p99": 0.17625,
      "avgSize": 13089,
      "errors": 0,
      "successRate": 100
    }
  },
  "nextjs": {
    "Homepage (All Components)": {
      "min": 1.7615,
      "max": 2.730584,
      "avg": 1.9806897000000003,
      "p50": 1.87775,
      "p95": 2.4649170000000002,
      "p99": 2.4649170000000002,
      "avgSize": 33058,
      "errors": 0,
      "successRate": 100
    }
  },
  "summary": {
    "testRequests": 20,
    "warmupRequests": 50,
    "scenarios": 1
  }
}
